{
  "name": "Route 1",
  "internal_name": "004_Route1",
  "tileset": "001_MainTileset",
  "width": 20,
  "height": 36,
  "tiles": [
    8, 8, 8, 6, 1, 1, 1, 1, 1, 6, 2, 2, 6, 1, 1, 1, 1, 1, 6, 8,
    8, 8, 8, 6, 6, 6, 6, 6, 6, 6, 2, 2, 6, 6, 6, 6, 6, 6, 6, 8,
    8, 8, 8, 6, 8, 8, 8, 8, 8, 8, 2, 2, 8, 8, 8, 8, 8, 8, 6, 8,
    8, 8, 8, 6, 8, 8, 8, 8, 8, 8, 2, 2, 8, 8, 8, 8, 8, 8, 6, 8,
    8, 8, 8, 6, 8, 8, 8, 8, 8, 14, 2, 2, 2, 2, 2, 2, 2, 2, 6, 8,
    8, 8, 8, 6, 44, 44, 44, 44, 44, 14, 102, 102, 102, 102, 2, 2, 2, 2, 6, 8,
    8, 8, 8, 14, 8, 8, 8, 8, 8, 14, 9, 9, 9, 9, 9, 9, 9, 9, 6, 8,
    8, 8, 8, 14, 8, 8, 8, 8, 8, 14, 9, 9, 9, 9, 9, 9, 9, 9, 6, 8,
    8, 8, 8, 14, 8, 8, 8, 8, 8, 14, 9, 9, 9, 9, 9, 9, 9, 9, 6, 8,
    8, 8, 8, 14, 44, 44, 44, 44, 44, 14, 9, 9, 9, 9, 9, 9, 9, 9, 6, 8,
    8, 8, 8, 14, 8, 8, 8, 8, 8, 8, 8, 8, 2, 2, 2, 2, 2, 2, 6, 8,
    8, 8, 8, 14, 8, 8, 8, 8, 8, 8, 8, 8, 2, 2, 2, 2, 2, 2, 6, 8,
    8, 8, 8, 14, 8, 8, 8, 8, 8, 8, 8, 8, 1, 0, 9, 9, 9, 9, 6, 8,
    8, 8, 8, 14, 14, 14, 44, 44, 44, 44, 14, 14, 14, 14, 9, 9, 9, 9, 6, 8,
    8, 8, 8, 6, 8, 8, 8, 8, 8, 8, 8, 8, 2, 2, 9, 9, 9, 9, 6, 8,
    8, 8, 8, 6, 8, 8, 8, 8, 8, 8, 8, 8, 2, 2, 9, 9, 9, 9, 6, 8,
    8, 8, 8, 6, 8, 8, 2, 2, 2, 2, 2, 2, 2, 2, 8, 8, 8, 8, 6, 8,
    8, 8, 8, 6, 8, 8, 2, 2, 2, 2, 2, 2, 2, 2, 8, 8, 8, 8, 6, 8,
    8, 8, 8, 6, 8, 8, 2, 2, 8, 8, 8, 8, 8, 8, 8, 8, 8, 8, 6, 8,
    8, 8, 8, 6, 44, 36, 102, 102, 44, 36, 44, 44, 44, 44, 44, 44, 44, 44, 6, 8,
    8, 8, 8, 6, 8, 8, 2, 2, 2, 2, 2, 2, 2, 2, 2, 2, 2, 2, 6, 8,
    8, 8, 8, 6, 8, 8, 2, 2, 2, 2, 2, 2, 2, 2, 2, 2, 2, 2, 6, 8,
    8, 8, 8, 6, 8, 8, 8, 8, 8, 8, 8, 8, 9, 9, 9, 9, 2, 2, 6, 8,
    8, 8, 8, 6, 14, 14, 14, 14, 14, 14, 14, 14, 9, 9, 9, 9, 102, 102, 6, 8,
    8, 8, 8, 6, 8, 8, 8, 8, 8, 8, 8, 8, 9, 9, 9, 9, 2, 2, 6, 8,
    8, 8, 8, 6, 8, 8, 8, 8, 8, 8, 8, 8, 9, 9, 9, 9, 2, 2, 6, 8,
    8, 8, 8, 6, 2, 2, 2, 2, 2, 2, 2, 2, 2, 2, 2, 2, 2, 2, 6, 8,
    8, 8, 8, 6, 102, 102, 2, 2, 2, 4, 102, 102, 102, 102, 102, 102, 102, 102, 6, 8,
    8, 8, 8, 14, 8, 8, 9, 9, 9, 9, 1, 1, 8, 8, 9, 9, 9, 9, 6, 8,
    8, 8, 8, 14, 8, 8, 9, 9, 9, 9, 1, 1, 8, 8, 9, 9, 9, 9, 6, 8,
    8, 8, 8, 14, 9, 9, 9, 9, 8, 8, 1, 1, 9, 9, 9, 9, 8, 8, 6, 8,
    8, 8, 8, 14, 9, 9, 9, 9, 8, 8, 1, 1, 9, 9, 9, 9, 8, 8, 6, 8,
    8, 8, 8, 14, 6, 6, 6, 6, 6, 6, 9, 9, 6, 6, 6, 6, 6, 6, 6, 8,
    8, 8, 8, 14, 8, 8, 8, 8, 8, 6, 9, 9, 6, 8, 8, 8, 8, 8, 6, 8,
    8, 8, 8, 14, 8, 8, 8, 8, 8, 6, 9, 9, 6, 8, 8, 8, 8, 8, 6, 8,
    8, 8, 8, 14, 8, 8, 8, 8, 8, 6, 9, 9, 6, 8, 8, 8, 8, 8, 6, 8
  ],
  "collisions": [
    0, 0, 0, 1, 0, 0, 0, 0, 0, 1, 0, 0, 1, 0, 0, 0, 0, 0, 1, 0,
    0, 0, 0, 1, 1, 1, 1, 1, 1, 1, 0, 0, 1, 1, 1, 1, 1, 1, 1, 0,
    0, 0, 0, 1, 0, 0, 0, 0, 0, 0, 0, 0, 0, 0, 0, 0, 0, 0, 1, 0,
    0, 0, 0, 1, 0, 0, 0, 0, 0, 0, 0, 0, 0, 0, 0, 0, 0, 0, 1, 0,
    0, 0, 0, 1, 0, 0, 0, 0, 0, 1, 0, 0, 0, 0, 0, 0, 0, 0, 1, 0,
    0, 0, 0, 1, 1, 1, 1, 1, 1, 1, 1, 1, 1, 1, 0, 0, 0, 0, 1, 0,
    0, 0, 0, 1, 0, 0, 0, 0, 0, 1, 0, 0, 0, 0, 0, 0, 0, 0, 1, 0,
    0, 0, 0, 1, 0, 0, 0, 0, 0, 1, 0, 0, 0, 0, 0, 0, 0, 0, 1, 0,
    0, 0, 0, 1, 0, 0, 0, 0, 0, 1, 0, 0, 0, 0, 0, 0, 0, 0, 1, 0,
    0, 0, 0, 1, 1, 1, 1, 1, 1, 1, 0, 0, 0, 0, 0, 0, 0, 0, 1, 0,
    0, 0, 0, 1, 0, 0, 0, 0, 0, 0, 0, 0, 0, 0, 0, 0, 0, 0, 1, 0,
    0, 0, 0, 1, 0, 0, 0, 0, 0, 0, 0, 0, 0, 0, 0, 0, 0, 0, 1, 0,
    0, 0, 0, 1, 0, 0, 0, 0, 0, 0, 0, 0, 0, 0, 0, 0, 0, 0, 1, 0,
    0, 0, 0, 1, 1, 1, 1, 1, 1, 1, 1, 1, 1, 1, 0, 0, 0, 0, 1, 0,
    0, 0, 0, 1, 0, 0, 0, 0, 0, 0, 0, 0, 0, 0, 0, 0, 0, 0, 1, 0,
    0, 0, 0, 1, 0, 0, 0, 0, 0, 0, 0, 0, 0, 0, 0, 0, 0, 0, 1, 0,
    0, 0, 0, 1, 0, 0, 0, 0, 0, 0, 0, 0, 0, 0, 0, 0, 0, 0, 1, 0,
    0, 0, 0, 1, 0, 0, 0, 0, 0, 0, 0, 0, 0, 0, 0, 0, 0, 0, 1, 0,
    0, 0, 0, 1, 0, 0, 0, 0, 0, 0, 0, 0, 0, 0, 0, 0, 0, 0, 1, 0,
    0, 0, 0, 1, 1, 0, 1, 1, 1, 0, 1, 1, 1, 1, 1, 1, 1, 1, 1, 0,
    0, 0, 0, 1, 0, 0, 0, 0, 0, 0, 0, 0, 0, 0, 0, 0, 0, 0, 1, 0,
    0, 0, 0, 1, 0, 0, 0, 0, 0, 0, 0, 0, 0, 0, 0, 0, 0, 0, 1, 0,
    0, 0, 0, 1, 0, 0, 0, 0, 0, 0, 0, 0, 0, 0, 0, 0, 0, 0, 1, 0,
    0, 0, 0, 1, 1, 1, 1, 1, 1, 1, 1, 1, 0, 0, 0, 0, 1, 1, 1, 0,
    0, 0, 0, 1, 0, 0, 0, 0, 0, 0, 0, 0, 0, 0, 0, 0, 0, 0, 1, 0,
    0, 0, 0, 1, 0, 0, 0, 0, 0, 0, 0, 0, 0, 0, 0, 0, 0, 0, 1, 0,
    0, 0, 0, 1, 0, 0, 0, 0, 0, 0, 0, 0, 0, 0, 0, 0, 0, 0, 1, 0,
    0, 0, 0, 1, 1, 1, 0, 0, 0, 1, 1, 1, 1, 1, 1, 1, 1, 1, 1, 0,
    0, 0, 0, 1, 0, 0, 0, 0, 0, 0, 0, 0, 0, 0, 0, 0, 0, 0, 1, 0,
    0, 0, 0, 1, 0, 0, 0, 0, 0, 0, 0, 0, 0, 0, 0, 0, 0, 0, 1, 0,
    0, 0, 0, 1, 0, 0, 0, 0, 0, 0, 0, 0, 0, 0, 0, 0, 0, 0, 1, 0,
    0, 0, 0, 1, 0, 0, 0, 0, 0, 0, 0, 0, 0, 0, 0, 0, 0, 0, 1, 0,
    0, 0, 0, 1, 1, 1, 1, 1, 1, 1, 0, 0, 1, 1, 1, 1, 1, 1, 1, 0,
    0, 0, 0, 1, 0, 0, 0, 0, 0, 1, 0, 0, 1, 0, 0, 0, 0, 0, 1, 0,
    0, 0, 0, 1, 0, 0, 0, 0, 0, 1, 0, 0, 1, 0, 0, 0, 0, 0, 1, 0,
    0, 0, 0, 1, 0, 0, 0, 0, 0, 1, 0, 0, 1, 0, 0, 0, 0, 0, 1, 0
  ],
  "entities": [
  ],
  "connections": {
    "south":["001_PalletTown"],
    "north": ["005_ViridianCity", -7]
  },
  "encounters": [
    {"rate": 30, "pokemon": "Pidgey", "level": 3},
    {"rate": 10, "pokemon": "Pidgey", "level": 4},
    {"rate": 5, "pokemon": "Pidgey", "level": 5},
    {"rate": 30, "pokemon": "Rattata", "level": 3},
    {"rate": 10, "pokemon": "Pidgey", "level": 4},
    {"rate": 5, "pokemon": "Pidgey", "level": 5},
    {"rate": 2, "pokemon": "Caterpie", "level": 3},
    {"rate": 2, "pokemon": "Weedle", "level": 3},
    {"rate": 1, "pokemon": "Pikachu", "level": 5}
  ],
  "__editor__": {
    "parent": null,
    "children": []
  }
}
