{
  "name": "Pallet Town",
  "internal_name": "001_PalletTown",
  "tileset": "001_MainTileset",
  "width": 20,
  "height": 18,
  "tiles": [
    8, 8, 8, 6, 8, 8, 8, 8, 8, 6, 9, 9, 6, 8, 8, 8, 8, 8, 6, 8,
    6, 6, 6, 6, 6, 6, 6, 6, 6, 6, 9, 9, 6, 6, 6, 6, 6, 6, 6, 6,
    6, 8, 1, 0, 1, 0, 1, 0, 1, 0, 1, 0, 1, 0, 1, 0, 1, 0, 8, 6,
    6, 8, 0, 1, 248, 249, 249, 250, 0, 1, 0, 1, 248, 249, 249, 250, 0, 1, 8, 6,
    6, 8, 2, 2, 298, 299, 301, 302, 1, 0, 2, 2, 298, 299, 301, 302, 1, 0, 8, 6,
    6, 8, 2, 4, 283, 251, 289, 291, 0, 1, 2, 4, 283, 251, 289, 291, 0, 1, 8, 6,
    6, 8, 1, 0, 1, 0, 1, 0, 1, 0, 1, 0, 1, 0, 1, 0, 1, 0, 8, 6,
    6, 8, 0, 1, 0, 1, 0, 1, 0, 1, 0, 1, 0, 1, 0, 1, 0, 1, 8, 6,
    6, 8, 1, 0, 2, 2, 2, 2, 1, 0, 272, 273, 273, 273, 273, 274, 1, 0, 8, 6,
    6, 8, 0, 1, 7, 7, 7, 4, 0, 1, 245, 246, 246, 246, 246, 247, 0, 1, 8, 6,
    6, 8, 1, 0, 8, 8, 8, 8, 1, 0, 280, 281, 278, 255, 255, 282, 1, 0, 8, 6,
    6, 8, 0, 1, 8, 8, 8, 8, 0, 1, 288, 289, 251, 289, 289, 290, 0, 1, 8, 6,
    6, 8, 1, 0, 1, 0, 1, 0, 1, 0, 2, 2, 2, 2, 2, 2, 2, 2, 8, 6,
    6, 8, 0, 1, 0, 1, 0, 1, 0, 1, 7, 7, 7, 4, 7, 7, 2, 2, 8, 6,
    6, 8, 8, 8, 138, 153, 153, 136, 2, 2, 8, 8, 8, 8, 8, 8, 2, 2, 8, 6,
    6, 8, 8, 8, 146, 145, 145, 144, 2, 2, 8, 8, 8, 8, 8, 8, 2, 2, 8, 6,
    6, 8, 8, 8, 146, 145, 145, 144, 2, 2, 2, 2, 2, 2, 2, 2, 2, 2, 8, 6,
    6, 6, 8, 8, 146, 145, 145, 144, 6, 6, 6, 6, 6, 6, 6, 6, 6, 6, 6, 6
  ],
  "collisions": [
    0, 0, 0, 1, 0, 0, 0, 0, 0, 1, 0, 0, 1, 0, 0, 0, 0, 0, 1, 0,
    1, 1, 1, 1, 1, 1, 1, 1, 1, 1, 0, 0, 1, 1, 1, 1, 1, 1, 1, 1,
    1, 0, 0, 0, 0, 0, 0, 0, 0, 0, 0, 0, 0, 0, 0, 0, 0, 0, 0, 1,
    1, 0, 0, 0, 1, 1, 1, 1, 0, 0, 0, 0, 1, 1, 1, 1, 0, 0, 0, 1,
    1, 0, 0, 0, 1, 1, 1, 1, 0, 0, 0, 0, 1, 1, 1, 1, 0, 0, 0, 1,
    1, 0, 0, 1, 1, 0, 1, 1, 0, 0, 0, 1, 1, 0, 1, 1, 0, 0, 0, 1,
    1, 0, 0, 0, 0, 0, 0, 0, 0, 0, 0, 0, 0, 0, 0, 0, 0, 0, 0, 1,
    1, 0, 0, 0, 0, 0, 0, 0, 0, 0, 0, 0, 0, 0, 0, 0, 0, 0, 0, 1,
    1, 0, 0, 0, 0, 0, 0, 0, 0, 0, 1, 1, 1, 1, 1, 1, 0, 0, 0, 1,
    1, 0, 0, 0, 1, 1, 1, 1, 0, 0, 1, 1, 1, 1, 1, 1, 0, 0, 0, 1,
    1, 0, 0, 0, 0, 0, 0, 0, 0, 0, 1, 1, 1, 1, 1, 1, 0, 0, 0, 1,
    1, 0, 0, 0, 0, 0, 0, 0, 0, 0, 1, 1, 0, 1, 1, 1, 0, 0, 0, 1,
    1, 0, 0, 0, 0, 0, 0, 0, 0, 0, 0, 0, 0, 0, 0, 0, 0, 0, 0, 1,
    1, 0, 0, 0, 0, 0, 0, 0, 0, 0, 1, 1, 1, 1, 1, 1, 0, 0, 0, 1,
    1, 0, 0, 0, 1, 1, 1, 1, 0, 0, 0, 0, 0, 0, 0, 0, 0, 0, 0, 1,
    1, 0, 0, 0, 1, 1, 1, 1, 0, 0, 0, 0, 0, 0, 0, 0, 0, 0, 0, 1,
    1, 0, 0, 0, 1, 1, 1, 1, 0, 0, 0, 0, 0, 0, 0, 0, 0, 0, 0, 1,
    1, 1, 0, 0, 1, 1, 1, 1, 1, 1, 1, 1, 1, 1, 1, 1, 1, 1, 1, 1
  ],
  "entities": [
    {
      "events": [
        ["warp", {"map": "002_PalletTown_PlayerHouseDownstairs", "position": [1, 7]}]
      ],
      "position": [5, 5],
      "trigger": "touch"
    },
    {
      "events": [
        ["message", {"text": "OAK: Hey! Wait!\nDon't go out!"}]
      ],
      "position": [5, 6],
      "trigger": "touch",
      "condition": ["oak.event.a", 0]
    }
  ],
  "connections": {
    "north": ["004_Route1"]
  },
  "__editor__": {
    "parent": null,
    "children": [
      "002_PalletTown_PlayerHouseDownstairs",
      "003_PalletTown_PlayerHouseUpstairs"
    ]
  }
}
