{
  "name": "${player.name}'s Home Downstairs",
  "internal_name": "002_PalletTown_PlayerHouseDownstairs",
  "tileset": "001_MainTileset",
  "width": 8,
  "height": 9,
  "tiles": [
    410, 410, 320, 435, 320, 435, 320, 435,
    418, 418, 328, 378, 328, 328, 328, 403,
    328, 328, 328, 328, 328, 328, 328, 328,
    328, 328, 328, 328, 328, 328, 328, 328,
    328, 328, 355, 408, 409, 355, 328, 328,
    328, 328, 355, 416, 417, 355, 328, 328,
    328, 328, 328, 328, 328, 328, 328, 328,
    328, 342, 342, 328, 328, 328, 328, 328,
    28, 28, 28, 28, 28, 28, 28, 28
  ],
  "collisions": [
    1, 1, 1, 1, 1, 1, 1, 1,
    1, 1, 0, 1, 0, 0, 0, 0,
    0, 0, 0, 0, 0, 0, 0, 0,
    0, 0, 0, 0, 0, 0, 0, 0,
    0, 0, 0, 1, 1, 0, 0, 0,
    0, 0, 0, 1, 1, 0, 0, 0,
    0, 0, 0, 0, 0, 0, 0, 0,
    0, 0, 0, 0, 0, 0, 0, 0,
    1, 1, 1, 1, 1, 1, 1, 1
  ],
  "entities": [
    {
      "events": [
        ["warp", {"map": "003_PalletTown_PlayerHouseUpstairs", "position": [7, 1]}]
      ],
      "position": [7, 1],
      "trigger": "touch"
    },
    {
      "events": [
        ["warp", {"map": "001_PalletTown", "position": [5, 5]}]
      ],
      "position": [1, 7],
      "trigger": "touch"
    },
    {
      "events": [
        ["warp", {"map": "001_PalletTown", "position": [5, 5]}]
      ],
      "position": [2, 7],
      "trigger": "touch"
    }
  ],
  "__editor__": {
    "parent": "001_PalletTown",
    "children": [

    ]
  }
}
